{"is_source_file": false, "format": "", "description": "", "external_files": [], "external_methods": [], "published": [], "classes": [], "methods": [], "calls": [], "search-terms": [], "state": 2, "file_id": 2, "knowledge_revision": 5, "git_revision": "e2edaefd04db70f31b299c2bade7f063969881e4", "hash": "4f1e637348ac4b7a503320ee89ef03ba", "format-version": 4, "code-base-name": "frontend_app", "filename": "frontend_app/README.md", "revision_history": [{"5": "e2edaefd04db70f31b299c2bade7f063969881e4"}]}