{"is_source_file": false, "format": "", "description": "", "external_files": [], "external_methods": [], "published": [], "classes": [], "methods": [], "calls": [], "search-terms": ["bmi-calculator", "README.md", "8278-8287"], "state": 2, "file_id": 1, "knowledge_revision": 3, "git_revision": "18361fe0ea79e1ad8e2f69ce15ce1d9a398ab9cc", "hash": "70fdc763279d1d7063880427d712a94d", "format-version": 4, "code-base-name": "frontend_app", "filename": "README.md", "revision_history": [{"3": "18361fe0ea79e1ad8e2f69ce15ce1d9a398ab9cc"}]}