{"is_source_file": true, "format": "md", "description": ".md file: README.md", "external_files": [], "external_methods": [], "published": [], "classes": [], "methods": [], "calls": [], "search-terms": ["README.md", "md"], "state": 2, "filename": "README.md", "format-version": 4, "code-base-name": "https://github.com/kavia-common/bmi-calculator-8278-8287.git:kavia-main", "knowledge_revision": 3, "git_revision": "18361fe0ea79e1ad8e2f69ce15ce1d9a398ab9cc", "revision_history": [{"3": "18361fe0ea79e1ad8e2f69ce15ce1d9a398ab9cc"}]}